date,ticker,current_price,avg_target,max_target,min_target,pe_ttm,pe_fwd,analysts,rating
2026-08-18,A,148.44,160.166667,185.0,135.0,29.813814296330513,24.50538543979936,24.0,1.375
2026-08-18,AAPL,310.03,334.234054,400.0,245.0,35.540449141953154,35.081402477593635,47.0,1.531915
2026-08-18,ABBV,258.92,278.730769,300.0,230.0,73.2074191359421,18.449178789942792,32.0,1.296875
2026-08-18,ABNB,183.25,175.527778,215.0,125.0,41.652460506875784,34.72095906773136,46.0,1.586957
2026-08-18,ABT,112.68,119.916667,135.0,103.0,36.42122955588597,20.428020325771453,27.0,1.259259
2026-08-18,ACGL,98.91,111.525,134.0,95.0,7.728974080470099,10.527965046858013,23.0,1.565217
2026-08-18,ACN,172.93,175.409091,275.0,130.0,13.810314810969668,12.476163047066727,28.0,1.5
2026-08-18,ADBE,263.14,252.862069,380.0,190.0,15.05041781295935,10.783334637846085,39.0,1.820513
2026-08-18,ADI,376.63,462.571429,550.0,365.0,55.969506033406645,30.324466884229665,34.0,1.264706
2026-08-18,ADM,82.45,82.777778,95.0,77.0,22.569254352348626,15.755419329195584,13.0,2.038462
2026-08-18,ADP,269.31,288.642857,322.0,225.0,24.610478026848458,21.97060975111315,21.0,1.880952
2026-08-18,ADSK,246.79,312.966667,375.0,245.0,36.06037581460592,19.617558171636265,37.0,1.216216
2026-08-18,AEE,109.67,121.857143,137.0,113.0,19.305039694414617,20.3451420616658,19.0,1.447368
2026-08-18,AEP,126.35,144.789474,173.0,129.0,21.895470141753023,19.811214103640168,25.0,1.52
2026-08-18,AES,14.74,15.0,15.0,15.0,5.50863293220719,6.439844901971493,8.0,2.0
2026-08-18,AFL,121.73,119.230769,138.0,99.0,13.045342020940275,17.33453197404477,16.0,2.125
2026-08-18,AIG,76.12,88.7,101.0,81.0,13.945478528506522,9.475278448334775,27.0,1.685185
2026-08-18,AIZ,280.07,319.0,355.0,274.0,13.290655682470684,12.9163501798844,10.0,1.3
2026-08-18,AJG,248.36,293.888889,388.0,265.0,41.09335186472087,18.75260022817828,27.0,1.351852
2026-08-18,AKAM,115.2,158.666667,195.0,93.0,41.556942390245666,17.159822896327857,27.0,1.555556
2026-08-18,ALAB,303.44,413.445595,500.0,280.0,149.40423436730674,76.80531987704668,24.0,1.395833
2026-08-18,ALB,132.71,177.111111,225.0,155.0,,11.428582254704011,24.0,1.395833
2026-08-18,ALGN,167.91,209.571429,240.0,170.0,29.128285193858964,14.87048701177072,20.0,1.55
2026-08-18,ALL,261.15,275.909091,334.0,211.0,5.215218893411031,7.497842593769471,29.0,1.758621
2026-08-18,ALLE,159.83,175.1,200.0,160.0,20.96818629058708,17.85641866358286,14.0,1.607143
2026-08-18,ALNY,228.61,375.341667,536.0,230.0,38.59764642320485,34.02815103491812,31.0,1.290323
2026-08-18,AMAT,514.33,662.909091,900.0,425.0,44.35867802808156,40.14218072730455,40.0,1.225
2026-08-18,AMCR,45.86,49.032211,56.0,41.0118,19.234963509772673,,24.0,1.625
2026-08-18,AMD,484.39,621.3625,1250.0,365.0,124.31412806364686,63.376987686109956,57.0,1.27193
2026-08-18,AME,249.99,281.058824,316.0,245.0,36.5407665097787,30.080223555538012,23.0,1.391304
2026-08-18,AMGN,425.28,389.740741,452.0,230.0,26.418188594856503,18.452478035290103,35.0,1.728571
2026-08-18,AMP,562.12,577.3,645.0,489.0,13.559567344339488,12.117467521718563,15.0,1.7
2026-08-18,AMT,172.33,215.952381,260.0,188.0,23.694812248209107,24.832188556904445,25.0,1.18
2026-08-18,AMZN,259.45,329.794194,405.0,230.0,20.868523076428097,20.519972707526758,70.0,1.114286
2026-08-18,ANET,193.18,249.965607,330.0,215.0,60.90547953843244,47.041233523514535,33.0,1.060606
2026-08-18,AON,343.2,404.631579,445.0,339.0,18.923583350334415,17.98517512199603,27.0,1.537037
2026-08-18,AOS,60.86,69.7,84.0,59.0,16.967297666508685,16.297688009871806,16.0,1.78125
2026-08-18,APA,42.365,43.72,57.0,31.0,8.959311424100157,7.421914417697249,30.0,1.85
2026-08-18,APD,303.23,344.111111,365.0,314.0,,22.591430737964885,24.0,1.395833
2026-08-18,APH,159.57,200.5,230.0,175.0,39.94742771310552,30.3169399820724,22.0,1.227273
2026-08-18,APO,133.85,154.315789,173.0,130.0,50.62788410621075,15.265732086801055,23.0,1.326087
2026-08-18,APP,307.26,543.6,860.0,357.0,23.616854468032773,19.369597334779716,37.0,1.243243
2026-08-18,APTV,48.6,66.611111,78.0,55.0,28.731894767957435,8.453866156512374,23.0,1.217391
2026-08-18,ARE,45.84,52.071429,60.0,46.0,,28.5127822354917,17.0,2.029412
2026-08-18,ARES,140.31,149.555556,168.0,122.0,63.97793078291004,23.923289973258296,21.0,1.428571
2026-08-18,ARM,253.32,290.52,480.0,130.0,259.86869101354125,114.09659565881641,44.0,1.386364
2026-08-18,ASML,1802.98,2373.233077,2859.0,2045.0,56.130880109585625,41.32990804004915,42.0,1.214286
2026-08-18,ATO,170.51,188.888889,200.0,173.0,20.2990511791807,20.170730189659988,15.0,1.766667
2026-08-18,AVGO,380.0,536.104712,675.0,400.0,63.25953054769436,32.78743123159859,55.0,1.163636
2026-08-18,AVY,177.71,201.8,225.0,181.0,19.450555464346305,17.46951976269529,13.0,1.384615
2026-08-18,AWK,136.27,141.909091,155.0,128.0,23.590817810400946,22.406383426872765,17.0,1.852941
2026-08-18,AXON,619.85,725.0,830.0,600.0,256.7091857864657,80.35907939622244,23.0,1.195652
2026-08-18,AXP,338.52,378.666667,450.0,315.0,20.538769566800145,19.18846597023169,32.0,1.578125
2026-08-18,AZO,3073.2,3961.909091,4800.0,3200.0,21.129070072032167,20.3385877177736,31.0,1.209677
2026-08-18,BA,223.06,274.923077,305.0,230.0,101.58484379269514,,32.0,1.25
2026-08-18,BAC,64.23,68.227273,75.0,61.0,14.781828224247446,13.82827491463091,27.0,1.259259
2026-08-18,BALL,61.67,73.307692,79.0,65.0,17.542312615559666,15.330286002929334,17.0,1.323529
2026-08-18,BAX,25.94,27.6,32.0,23.0,,12.631021281858757,16.0,1.875
2026-08-18,BBY,87.27,82.210526,95.0,62.0,16.145563531414194,13.225582796285561,28.0,1.946429
2026-08-18,BDX,180.77,191.636364,210.0,170.0,54.52434095433432,14.266864152414337,15.0,1.566667
2026-08-18,BEN,33.99,35.181818,41.0,26.0,23.172893373329696,11.75764108304513,13.0,1.923077
2026-08-18,BF.B,27.15,27.626667,35.0,20.0,17.770650608718416,15.949366196272958,19.0,2.131579
2026-08-18,BG,114.36,144.2,150.0,135.0,22.17611355659408,12.016418235240407,11.0,1.090909
2026-08-18,BIIB,212.55,237.551724,300.0,165.0,37.64212092232494,17.06232448503368,36.0,1.430556
2026-08-18,BKNG,208.25,238.30303,301.0,188.0,23.032937376954898,19.92403322515516,37.0,1.243243
2026-08-18,BKR,64.44,71.863636,85.0,51.0,20.70694087403599,24.848792169005723,28.0,1.321429
2026-08-18,BLDR,67.62,81.045455,100.0,61.0,73.5399673735726,21.739549777203376,26.0,1.576923
2026-08-18,BLK,1154.35,1324.6875,1488.0,1190.0,28.716031324318138,20.461673566901588,20.0,1.175
2026-08-18,BMY,66.05,66.043478,80.0,40.0,14.55038110763537,9.531775519398787,31.0,1.725806
2026-08-18,BNY,163.93,169.928571,184.0,151.0,19.085151465760124,17.75933196398083,18.0,1.472222
2026-08-18,BR,169.86,208.0,240.0,176.0,17.649259159202845,16.092627443074203,12.0,1.416667
2026-08-18,BRK.B,502.96,541.081667,604.0,490.245,12.646241655456796,22.846975955438403,7.0,1.857143
2026-08-18,BRO,69.37,76.4375,90.0,56.0,21.935871490007592,15.44778650388555,22.0,1.886364
2026-08-18,BSX,50.47,61.407407,85.0,44.0,20.465512347431165,15.278313845688121,33.0,1.227273
2026-08-18,BX,140.59,142.590909,184.0,119.0,31.53868586939453,23.55489014866438,27.0,1.5
2026-08-18,BXP,66.19,74.315789,90.0,60.0,35.56307758435418,31.487874623170683,23.0,1.543478
2026-08-18,C,137.65,155.545455,176.0,135.0,14.8587527931001,12.293276037944562,26.0,1.288462
2026-08-18,CAH,234.98,273.133333,292.0,250.0,32.466563501713274,18.7524265510674,20.0,1.25
2026-08-18,CARR,61.42,77.856,90.0,60.0,43.28095271651046,21.23451275574675,27.0,1.444444
2026-08-18,CASY,855.0,957.388889,1069.0,795.0,44.608850813394135,40.07152321655008,22.0,1.363636
2026-08-18,CAT,840.87,991.211667,1225.0,575.0,36.16987413862817,30.980801165795093,30.0,1.583333
2026-08-18,CB,345.29,367.652174,425.0,306.0,12.219583750632584,12.478641047114433,30.0,1.716667
2026-08-18,CBOE,290.99,316.071429,380.0,258.0,22.665773505838,20.725204823341116,21.0,1.952381
2026-08-18,CBRE,147.3,185.818182,200.0,174.0,33.775107768504085,18.833511375862805,16.0,1.21875
2026-08-18,CCI,74.03,94.789474,120.0,81.0,16.317668841474166,37.8610815902984,23.0,1.521739
2026-08-18,CCL,27.27,34.67749,43.0,19.914752,12.281570888128265,12.178636073146844,32.0,1.25
2026-08-18,CDNS,316.52,410.772727,470.0,300.0,62.97401615534598,38.88041312588596,27.0,1.222222
2026-08-18,CDW,134.97,155.888889,171.0,123.0,16.223135727679217,12.348997660671467,13.0,1.346154
2026-08-18,CEG,266.83,350.052632,441.0,290.0,25.9865601869887,22.330611893747694,24.0,1.208333
2026-08-18,CF,119.72,124.428889,195.72,98.0,8.87979054018973,7.783668119266965,23.0,1.891304
2026-08-18,CFG,73.46,80.555556,90.0,70.0,15.968870918655709,13.830839382835034,20.0,1.225
2026-08-18,CHD,99.13,107.117647,115.0,86.0,31.89613565430033,26.242508522263247,22.0,1.636364
2026-08-18,CHRW,144.67,202.541667,237.0,91.0,27.607724895996334,23.21503619295872,28.0,1.428571
2026-08-18,CHTR,148.35,214.4375,700.0,101.0,3.854147722844301,3.6076730134555866,25.0,1.94
2026-08-18,CI,278.5,341.173913,400.0,297.0,11.517640393212657,9.131558910227627,27.0,1.388889
2026-08-18,CIEN,405.54,583.190405,720.0,450.0,134.9865193223047,62.07111255053591,23.0,1.456522
2026-08-18,CINF,171.35,191.666667,200.0,177.0,8.079536399172007,20.472265963827354,11.0,1.818182
2026-08-18,CL,91.46,99.526316,110.0,87.0,36.18022864828514,23.658414503389288,24.0,1.479167
2026-08-18,CLX,105.55,97.133333,110.0,77.0,21.936114055323483,18.079295395646238,21.0,2.095238
2026-08-18,CMCSA,26.2,31.1,52.0,21.0,8.483906482740755,7.470825996763592,29.0,1.724138
2026-08-18,CME,271.54,284.933333,330.0,230.0,23.028062111485198,22.136125514456634,19.0,1.657895
2026-08-18,CMG,33.36,44.078125,52.0,36.0,30.77206899732497,29.026843739694645,39.0,1.346154
2026-08-18,CMI,620.81,788.2,894.0,690.0,31.72431766731906,20.94755805278578,22.0,1.454545
2026-08-18,CMS,71.06,81.090909,87.0,76.0,21.353446721557788,18.35268983385986,18.0,1.611111
2026-08-18,CNC,65.22,71.666667,85.0,56.0,,13.58133746812384,25.0,1.7
2026-08-18,CNP,40.54,46.071429,50.0,40.0,23.89484852057055,21.199325428470576,21.0,1.642857
2026-08-18,COF,221.47,258.772727,300.0,230.0,78.07036097010716,10.837551865199586,26.0,1.25
2026-08-18,COHR,306.43,415.781008,500.0,280.0,74.51547795637478,32.48523439395792,27.0,1.314815
2026-08-18,COIN,146.23,195.866667,330.0,85.0,,,39.0,1.512821
2026-08-18,COO,75.76,81.076923,92.0,66.0,63.98648648648649,16.357798779210743,18.0,1.472222
2026-08-18,COP,129.72,144.52,189.0,126.0,17.186237231547846,12.914208915104904,30.0,1.333333
2026-08-18,COR,316.13,372.166667,430.0,330.0,23.50286602184273,17.688733351731003,18.0,1.305556
2026-08-18,COST,961.35,1090.03125,1315.0,781.0,48.353267812773495,46.82105332880716,41.0,1.52439
2026-08-18,CPAY,406.82,449.266667,480.0,390.0,24.728594526909564,14.87315790572395,19.0,1.315789
2026-08-18,CPRT,31.51,39.25,55.0,26.0,19.63117562768675,19.939882929916156,15.0,1.566667
2026-08-18,CPT,107.28,117.420455,132.0,105.0,35.505543604170114,98.38654503468017,25.0,1.84
2026-08-18,CRH,93.25,139.8175,165.0,120.0,16.4441779674467,15.739376848954814,23.0,1.195652
2026-08-18,CRL,279.19,291.461538,318.0,219.0,,24.664111707692243,18.0,1.361111
2026-08-18,CRM,196.14,238.938776,400.0,160.0,22.704542297541323,13.85566765612174,57.0,1.350877
2026-08-18,CRWD,212.92,205.180851,256.0,103.0,,172.943714504789,54.0,1.314815
2026-08-18,CRWV,93.17,143.794118,303.0,39.0,,,41.0,1.402439
2026-08-18,CSCO,111.61,140.285714,170.0,115.0,33.51450363341541,21.756979933908372,30.0,1.416667
2026-08-18,CSGP,31.38,36.263158,52.0,25.0,172.70225646670335,23.070815198211974,24.0,1.520833
2026-08-18,CSX,50.24,53.783652,60.0,32.0,29.013629013629014,25.016394601756826,28.0,1.5
2026-08-18,CTAS,199.45,217.4,250.0,175.0,40.63525049406108,36.27575906275588,22.0,1.636364
2026-08-18,CTSH,57.78,63.26087,82.0,42.0,12.399939910294654,10.045266285614145,32.0,1.5625
2026-08-18,CTVA,77.91,91.45,103.0,78.0,51.507338357794524,20.762236021666702,24.0,1.395833
2026-08-18,CVNA,65.0,82.825,120.0,60.0,30.151219964746264,40.19036630736479,26.0,1.442308
2026-08-18,CVS,94.91,114.375,126.0,101.0,25.056099685841758,11.927968692444033,30.0,1.266667
2026-08-18,CVX,205.74,217.791667,236.0,175.0,19.72465629973348,13.12969353518626,28.0,1.321429
2026-08-18,D,68.61,70.9,79.0,66.0,23.860198226395408,19.12862571934478,18.0,1.944444
2026-08-18,DAL,85.7,107.934783,125.0,95.0,14.237535926104364,12.960435736806065,28.0,1.232143
2026-08-18,DASH,216.35,260.026316,350.0,205.0,113.60533501365259,83.11704077979036,45.0,1.222222
2026-08-18,DD,138.81,168.933333,186.0,156.0,329.71496437054634,19.128516316978573,20.0,1.25
2026-08-18,DDOG,246.0,286.840909,330.0,158.0,502.5536261491318,97.26318786028894,49.0,1.22449
2026-08-18,DE,588.72,651.690476,812.0,500.0,33.36147835005979,32.57910318813353,26.0,1.538462
2026-08-18,DECK,89.51,122.15,184.0,85.0,12.702219447124936,11.880256675128802,29.0,1.62069
2026-08-18,DELL,468.65,512.095238,700.0,360.0,37.24143959440882,24.934293759871764,30.0,1.366667
2026-08-18,DG,120.84,132.571122,175.0,90.0,17.084929802485544,16.351302400721384,34.0,1.75
2026-08-18,DGX,236.25,248.857143,265.0,232.0,25.0604633401222,21.109135166997163,20.0,1.6
2026-08-18,DHI,145.68,164.0,206.0,125.0,13.859238541012616,13.905463086856265,22.0,1.795455
2026-08-18,DHR,199.58,226.0,310.0,195.0,35.43616057953516,23.458837368830096,28.0,1.214286
2026-08-18,DIS,103.95,127.456,144.0,88.0,21.440947155645393,15.146664739395039,35.0,1.2
2026-08-18,DLR,195.25,223.548387,250.0,197.0,94.97519213931317,72.09649594413362,35.0,1.2
2026-08-18,DLTR,130.48,128.625,170.0,85.0,20.390048756094508,18.56746751440266,31.0,1.83871
2026-08-18,DOC,20.44,22.911765,29.0,17.0,58.43339050886221,51.24155479512152,22.0,1.681818
2026-08-18,DOV,203.06,251.8125,288.0,215.0,24.442973216972618,18.988462727497325,21.0,1.357143
2026-08-18,DOW,31.19,35.235294,42.0,29.0,,12.591326477472467,22.0,1.636364
2026-08-18,DPZ,336.25,378.37037,450.0,270.0,19.063952829118946,17.748482181473996,33.0,1.530303
2026-08-18,DRI,218.86,231.666667,276.0,200.0,21.066715436667984,19.389056035753967,30.0,1.533333
2026-08-18,DTE,140.21,159.666667,168.0,149.0,22.152878720849397,18.178746567580117,19.0,1.5
2026-08-18,DUK,123.99,138.176471,147.0,129.0,18.60203438653344,18.47966283222481,24.0,1.541667
2026-08-18,DVA,177.91,227.333333,270.0,170.0,15.004258979700268,11.984235318082392,9.0,1.777778
2026-08-18,DVN,47.83,59.62963,68.0,44.0,11.326339719150345,9.419068187712597,33.0,1.181818
2026-08-18,DXCM,89.6,94.75,115.0,82.0,35.367490329201864,33.58790415601581,31.0,1.225806
2026-08-18,EBAY,102.27,117.307692,145.0,80.0,21.172597975281036,16.66730769606862,33.0,1.772727
2026-08-18,ECHO,90.0,126.6,165.0,103.0,,4.724752458406823,7.0,1.285714
2026-08-18,ECL,280.0,327.2,360.0,295.0,37.56271632100024,34.31061819278867,29.0,1.293103
2026-08-18,ED,109.16,111.166667,130.0,94.0,17.92682125730802,17.88787110245231,19.0,2.210526
2026-08-18,EFX,181.84,209.0,245.0,179.0,31.953328178814928,21.225442470051338,29.0,1.431034
2026-08-18,EG,367.38,403.5625,480.0,350.0,7.775089998285747,6.883689702650012,19.0,1.763158
2026-08-18,EIX,73.69,75.653846,86.0,62.0,7.591116055792488,12.012986219055637,18.0,1.888889
2026-08-18,EL,84.27,95.271538,125.0,70.0,,34.57537160216044,32.0,1.609375
2026-08-18,ELV,398.27,445.571429,492.0,393.0,17.701596952767,14.677183048098646,26.0,1.442308
2026-08-18,EME,824.53,1044.142857,1200.0,885.0,25.584671476223722,25.365037913122446,11.0,1.318182
2026-08-18,EMR,157.78,175.123077,205.0,125.0,34.47763477044774,24.07912751086865,32.0,1.453125
2026-08-18,EOG,148.7,160.035714,193.0,127.0,11.56757345448039,8.983622982173761,36.0,1.583333
2026-08-18,EQIX,1085.09,1235.066667,1400.0,1060.0,69.83235190011905,62.95032581198315,35.0,1.2
2026-08-18,EQT,53.14,68.038462,81.0,52.0,12.326034514752273,12.609149582384205,31.0,1.258065
2026-08-18,ES,72.22,73.818182,85.0,52.0,18.704514257594987,15.533167032519852,17.0,1.911765
2026-08-18,ESS,283.71,303.989583,352.0,239.0,44.15582394322355,49.95310348907576,27.0,1.740741
2026-08-18,ETN,431.33,487.15,534.0,386.0,43.88653175015007,31.88369565836065,25.0,1.32
2026-08-18,ETR,108.08,125.342105,139.0,109.0,27.63487599079519,24.579629881898153,25.0,1.32
2026-08-18,EVRG,83.42,93.15,103.0,85.0,21.13343297950498,19.602203567779636,14.0,1.5
2026-08-18,EW,90.98,102.173913,110.0,85.0,53.98765725136482,30.32740463351275,29.0,1.258621
2026-08-18,EXC,45.31,49.4375,58.0,41.0,16.600109910239972,15.855696712821173,23.0,1.934783
2026-08-18,EXE,95.45,125.307692,160.0,93.0,8.238888936842377,10.476734788675643,31.0,1.241935
2026-08-18,EXPD,185.95,181.0,220.0,100.0,27.05632429758319,24.13943153748252,18.0,2.111111
2026-08-18,EXPE,321.42,335.970588,417.0,245.0,20.046777060529518,15.502645124957821,41.0,1.573171
2026-08-18,EXR,146.92,158.210526,178.0,140.0,32.89450116424861,31.88844859832557,22.0,1.704545
2026-08-18,F,13.93,15.875,20.0,11.0,,7.5293064606097815,23.0,1.73913
2026-08-18,FANG,210.02,232.482759,272.0,205.0,40.68972198004456,10.38671651617995,35.0,1.228571
2026-08-18,FAST,51.27,49.25,59.0,42.0,43.63032933367373,40.51366298985618,21.0,1.97619
2026-08-18,FCX,66.32,73.681818,82.0,50.0,32.74738297452103,22.623230428108474,26.0,1.269231
2026-08-18,FDS,285.41,271.470588,430.0,210.0,18.809767028042312,16.044263977470912,21.0,2.071429
2026-08-18,FDX,328.38,368.125455,479.0,269.76,17.714840589092088,18.500840363404777,32.0,1.453125
2026-08-18,FDXF,139.23,175.0,200.0,150.0,,30.758409187359867,13.0,1.461538
2026-08-18,FE,47.26,53.818182,56.0,51.0,25.220129142430228,17.309262982862876,18.0,1.555556
2026-08-18,FERG,244.47,290.770297,325.0,256.0,21.88316803322711,21.49113696087878,21.0,1.452381
2026-08-18,FFIV,393.62,440.111111,515.0,300.0,31.356398021205916,22.70917412672633,15.0,1.7
2026-08-18,FICO,1078.12,1486.833333,1750.0,841.0,31.151164571372433,25.10630568531654,25.0,1.42
2026-08-18,FIS,40.95,50.0,60.0,37.0,6.2878113195958605,6.6021627040523745,32.0,1.53125
2026-08-18,FISV,51.72,57.92,85.0,40.0,9.920779544626244,7.037349384803408,37.0,1.851351
2026-08-18,FITB,57.29,63.05,70.0,55.0,19.498995949763454,18.72084568945094,23.0,1.369565
2026-08-18,FIX,1739.08,2217.625,2500.0,1910.0,42.786532334452765,35.512327938791245,12.0,1.125
2026-08-18,FLEX,120.24,159.545455,180.0,142.0,46.428295621283496,25.591391212643305,15.0,1.166667
2026-08-18,FOX,61.23,74.266667,112.0,54.0,15.968183596296779,10.320717605917144,21.0,1.52381
2026-08-18,FOXA,69.03,74.5,112.0,54.0,18.0023471117486,11.640091016304895,22.0,1.5
2026-08-18,FRT,117.48,132.631579,149.0,118.0,23.718958207147182,28.55873903978168,21.0,1.380952
2026-08-18,FSLR,220.01,278.704667,402.0,150.0,13.562947711048368,12.61796616921449,39.0,1.423077
2026-08-18,FTNT,158.01,166.484848,220.0,102.0,55.67653276955602,45.90678316954656,44.0,1.920455
2026-08-18,FTV,59.45,64.307692,72.0,51.0,35.098594875428034,19.717703512736243,16.0,2.0
2026-08-18,GD,393.48,424.5,465.0,319.0,23.98946482788894,23.207546168260016,27.0,1.555556
2026-08-18,GDDY,95.8,104.8,170.0,80.0,14.204376964592848,12.930872742125192,20.0,1.6
2026-08-18,GE,375.09,407.8,455.0,350.0,44.21093575040369,47.369968432650005,24.0,1.25
2026-08-18,GEHC,72.63,82.176471,96.0,70.0,16.69041272175751,14.746564363180084,21.0,1.309524
2026-08-18,GEN,27.64,34.0,46.0,28.0,16.04458118070471,9.436596925526679,12.0,1.666667
2026-08-18,GEV,1004.53,1247.658065,1450.0,827.4,28.75442252424516,32.63639094207189,40.0,1.325
2026-08-18,GILD,143.44,158.96,180.0,123.0,,,30.0,1.283333
2026-08-18,GIS,38.08,37.0,45.0,31.0,,12.35629880827262,23.0,2.0
2026-08-18,GL,178.08,195.583333,225.0,166.0,11.823837568305105,11.31895509925347,15.0,1.433333
2026-08-18,GLW,159.9,192.857143,226.0,129.0,73.3418952389689,48.80002002052103,21.0,1.285714
2026-08-18,GM,83.71,102.826087,132.0,61.0,42.22233430848381,6.250833531588775,28.0,1.303571
2026-08-18,GNRC,211.56,288.466667,340.0,214.0,48.767893778382245,21.759143885270195,24.0,1.375
2026-08-18,GOOG,341.28,426.056606,515.0,340.0,17.145182438847943,16.59971590594039,70.0,1.15
2026-08-18,GOOGL,344.2,426.399941,515.0,340.0,17.291877037773858,16.740138626050932,71.0,1.147887
2026-08-18,GPC,131.89,140.375,170.0,122.0,528.4054487179487,17.041297852013464,13.0,1.615385
2026-08-18,GPN,90.37,101.037037,194.0,60.0,28.35404116465864,6.613335534607351,37.0,1.675676
2026-08-18,GRMN,297.44,316.2,370.0,289.0,30.67277152167636,29.5299961181319,9.0,1.888889
2026-08-18,GS,1040.47,1170.714286,1325.0,955.0,16.058073099135417,14.817951974380623,28.0,1.767857
2026-08-18,GWW,1314.12,1316.615385,1500.0,1100.0,33.35524662607208,28.273893152344154,21.0,1.952381
2026-08-18,HAL,34.66,43.5,53.0,29.0,18.155151642135035,14.780415310053964,32.0,1.390625
2026-08-18,HAS,93.99,110.0,120.0,85.0,16.894041520625503,15.286568263822195,18.0,1.222222
2026-08-18,HBAN,17.66,20.263158,23.0,18.0,13.613937711995067,12.79141946367302,22.0,1.386364
2026-08-18,HCA,411.73,456.25,579.0,380.0,13.784571912591359,13.93893296356042,28.0,1.535714
2026-08-18,HD,337.49,380.241379,430.0,310.0,23.963163089245015,22.560707481967277,38.0,1.460526
2026-08-18,HIG,138.96,150.047619,164.0,135.0,8.980863315861928,10.908633599439309,27.0,1.648148
2026-08-18,HII,317.61,368.363636,439.0,304.0,18.935902557101038,17.105396949044756,15.0,1.433333
2026-08-18,HLT,327.74,355.625,394.0,312.0,48.156692184492414,36.27130056307172,29.0,1.517241
2026-08-18,HON,227.71,267.894957,303.0,230.0,8.419951116879467,27.347267056733422,26.0,1.461538
2026-08-18,HONA,160.76,215.25,250.0,175.0,,,16.0,1.65625
2026-08-18,HOOD,91.53,124.816667,163.6,80.0,40.53228234877336,43.87646902042295,30.0,1.35
2026-08-18,HPE,55.69,68.470588,80.0,52.0,52.374682591930785,16.270785131850623,25.0,1.42
2026-08-18,HPQ,29.96,23.661538,29.6,18.0,11.05698258045468,9.904354874754208,19.0,2.210526
2026-08-18,HRL,24.34,27.0,30.0,25.0,28.709601321066287,16.30165427633782,13.0,1.807692
2026-08-18,HSIC,89.23,99.8,112.0,85.0,26.00244783774333,16.571530025985528,19.0,1.526316
2026-08-18,HST,22.92,25.174031,29.0,21.0,15.375327027570941,16.63580719593018,22.0,1.477273
2026-08-18,HSY,183.45,203.833333,250.0,170.0,26.801367461430573,21.598907868795905,25.0,1.74
2026-08-18,HUBB,483.86,573.444444,630.0,537.0,28.649247147568552,23.72282662386955,15.0,1.566667
2026-08-18,HUM,382.0,418.458333,513.0,280.0,36.17629789571377,41.73134387708874,30.0,1.666667
2026-08-18,HWM,292.65,341.6,376.0,300.0,63.11873180200582,55.25636954040068,25.0,1.26
2026-08-18,IBKR,90.56,109.418182,121.0,94.0,36.05382594155586,33.37281368639137,14.0,1.321429
2026-08-18,IBM,232.67,245.285714,350.0,174.0,20.652588785627422,18.89875499872354,28.0,1.553571
2026-08-18,ICE,156.18,185.714286,232.0,163.0,22.05651823920688,19.2353949001448,19.0,1.210526
2026-08-18,IDXX,553.32,718.0,805.0,665.0,38.889240306154726,37.460501350032274,16.0,1.5
2026-08-18,IEX,234.16,256.692308,280.0,215.0,33.64271141633861,26.59154955168778,17.0,1.5
2026-08-18,IFF,81.0,95.694118,105.0,76.0,75.15308962701799,23.64429177172808,23.0,1.369565
2026-08-18,INCY,123.47,127.863636,155.0,104.0,15.735878874388254,31.789637922023083,30.0,1.683333
2026-08-18,INTC,96.685,121.238095,200.0,75.0,,64.53634754376738,54.0,1.712963
2026-08-18,INTU,350.41,435.241379,921.0,250.0,21.21806632878587,14.705097353023726,35.0,1.442857
2026-08-18,INVH,29.72,33.181818,36.0,29.0,53.09038942479457,31.360565249919013,26.0,1.557692
2026-08-18,IP,40.05,48.9,61.0,42.0,,29.217091378368263,15.0,1.4
2026-08-18,IQV,240.03,275.588235,300.0,240.0,29.774117121698897,18.513142379739776,24.0,1.229167
2026-08-18,IR,80.77,97.416667,109.0,83.0,33.28114054967242,22.787449269924206,17.0,1.617647
2026-08-18,IRM,126.67,135.454545,153.0,44.0,90.40753693526516,52.53943360939314,12.0,1.25
2026-08-18,ISRG,391.18,479.857143,685.0,324.0,44.83387009891005,36.22679727255317,34.0,1.382353
2026-08-18,IT,182.07,185.25,229.0,150.0,16.336327175171153,12.53637248732041,18.0,1.916667
2026-08-18,ITW,284.66,305.923077,350.0,267.0,25.800779479742594,24.903948412274868,19.0,2.105263
2026-08-18,IVZ,32.38,33.375,39.0,29.0,,11.5186348959143,15.0,1.7
2026-08-18,J,142.86,166.166667,181.0,146.0,50.14743049705139,19.68907361158334,17.0,1.382353
2026-08-18,JBHT,274.19,311.333333,370.0,200.0,38.87234887149824,34.99003538818598,26.0,1.596154
2026-08-18,JBL,338.62,442.3,482.0,365.0,42.26041159659041,26.54014469246092,12.0,1.25
2026-08-18,JCI,149.68,166.705882,190.0,130.0,26.0199913081269,29.592367510000372,23.0,1.586957
2026-08-18,JKHY,153.12,183.733333,208.0,143.0,21.40999468665231,21.13781407503427,20.0,1.45
2026-08-18,JNJ,271.11,277.809524,305.0,210.0,31.422842439555854,23.401513731201362,26.0,1.403846
2026-08-18,JPM,363.25,376.347826,420.0,305.0,15.561410272886947,14.631775705451984,29.0,1.517241
2026-08-18,KDP,30.79,36.266667,42.0,29.0,31.205026857200767,13.43950498623531,17.0,1.470588
2026-08-18,KEY,22.79,25.138889,28.0,22.0,13.25539463735241,12.472273954400404,22.0,1.5
2026-08-18,KEYS,341.0,400.909091,426.0,376.0,56.18347777375029,33.52694406132619,15.0,1.433333
2026-08-18,KHC,24.82,23.857143,27.0,19.0,,12.091291688040778,20.0,2.125
2026-08-18,KIM,24.22,27.0625,31.0,24.0,28.39390386869871,29.079190969362394,25.0,1.64
2026-08-18,KKR,107.19,127.368421,147.0,115.0,34.17067805795531,16.933606486934632,24.0,1.25
2026-08-18,KLAC,194.79,239.625,325.0,180.0,53.10957820977724,35.52819995013394,31.0,1.435484
2026-08-18,KMB,107.72,117.571429,162.0,90.0,18.35750438828201,14.450355275908956,17.0,1.676471
2026-08-18,KMI,32.87,36.352941,43.0,32.0,21.203715649593597,21.62808769409843,23.0,1.521739
2026-08-18,KO,88.82,96.238095,104.0,85.0,26.7602663372601,26.870830929469967,27.0,1.351852
2026-08-18,KR,56.34,70.95,86.0,58.0,32.95122236518891,10.826793026653627,26.0,1.576923
2026-08-18,KVUE,18.8,19.0,20.0,18.0,21.794574542082078,16.039313380882504,14.0,1.964286
2026-08-18,LDOS,143.48,156.6,225.0,125.0,13.371854613233921,11.585481360278271,20.0,1.6
2026-08-18,LEN,84.94,83.416667,100.0,67.0,13.286614838336279,15.431338989310882,21.0,2.261905
2026-08-18,LH,322.18,345.785714,385.0,306.0,26.64229955014554,17.577174834404495,20.0,1.275
2026-08-18,LHX,279.54,353.75,443.0,269.0,28.234082094376213,23.40952721028847,17.0,1.441176
2026-08-18,LII,411.05,507.083333,609.0,450.0,18.58172251053288,17.333826774240833,20.0,1.725
2026-08-18,LIN,478.705,547.086957,612.0,400.0,30.907723299027644,26.765664110023565,29.0,1.310345
2026-08-18,LITE,873.31,1147.636106,1400.0,820.0,,40.780277047747205,29.0,1.206897
2026-08-18,LLY,1225.73,1345.814815,1680.0,850.0,41.650271330078056,33.67731971693281,32.0,1.296875
2026-08-18,LMT,607.17,635.842105,756.0,503.0,22.37721774639374,19.953926893178807,25.0,1.76
2026-08-18,LNT,69.98,78.6,86.0,73.0,22.175042778376323,20.450549151892524,15.0,1.533333
2026-08-18,LOW,215.64,261.695423,300.0,202.0,18.23810007104435,17.354016299126457,37.0,1.418919
2026-08-18,LRCX,327.92,381.925926,500.0,300.0,56.890060894155205,34.58811954207658,34.0,1.205882
2026-08-18,LULU,119.01,123.008696,154.0,88.0,9.610058220754366,10.891338105351938,35.0,2.014286
2026-08-18,LUV,42.49,53.37619,67.0,35.0,25.776510555690365,12.483077776419822,27.0,1.722222
2026-08-18,LVS,45.47,59.238889,71.5,47.0,17.715354346047455,14.50974948584047,23.0,1.326087
2026-08-18,LYB,65.33,68.666667,88.0,56.0,,7.055061118125136,22.0,1.704545
2026-08-18,LYV,179.84,204.458333,222.0,155.0,,,29.0,1.327586
2026-08-18,MA,574.31,668.567568,735.0,600.0,31.5955966088827,28.79355500859505,45.0,1.188889
2026-08-18,MAA,130.17,143.8,160.0,121.0,38.029156563148206,36.20083915197094,27.0,1.796296
2026-08-18,MAR,357.33,385.291667,425.0,280.0,37.035923799257894,30.537241111144347,30.0,1.633333
2026-08-18,MAS,73.38,80.625,96.0,68.0,16.9136798432638,16.198990179058665,22.0,1.75
2026-08-18,MCD,266.99,314.3,390.0,250.0,21.683938665453837,20.65008276584729,38.0,1.5
2026-08-18,MCHP,78.19,110.954545,135.0,88.0,116.893407086261,21.453163017699204,28.0,1.267857
2026-08-18,MCK,869.26,997.733333,1080.0,905.0,23.261028959213057,19.48126531183505,21.0,1.238095
2026-08-18,MCO,485.79,564.954545,610.0,505.0,30.804497117963745,28.673337968695957,29.0,1.37931
2026-08-18,MDLZ,62.66,69.05,74.0,55.0,22.983530792649375,20.57333477799776,26.0,1.480769
2026-08-18,MDT,92.09,97.347826,121.0,78.0,24.714849306245135,15.467970350005452,31.0,1.354839
2026-08-18,MELI,1779.14,2302.545455,2800.0,1750.0,48.4152663446493,46.40463093772128,25.0,1.24
2026-08-18,MET,96.73,105.2,119.0,87.0,18.510084580351336,9.71457839553288,22.0,1.477273
2026-08-18,META,543.67,745.976071,1000.0,580.0,20.478986880219377,17.143384369642988,68.0,1.139706
2026-08-18,MGM,43.32,50.961111,60.0,43.0,26.21799915269624,23.5158471404795,25.0,1.7
2026-08-18,MKC,55.28,60.636364,75.0,52.0,9.200299575601232,17.90657613177789,17.0,1.558824
2026-08-18,MLM,522.81,669.095238,800.0,556.0,12.8501904878948,28.637475988910694,24.0,1.520833
2026-08-18,MMM,180.94,189.466667,219.0,132.0,32.12713068181818,20.232434827161065,20.0,1.65
2026-08-18,MNST,47.38,51.047619,57.0,42.0,43.96807720861174,40.91805679820092,27.0,1.518519
2026-08-18,MO,65.19,69.9,82.0,58.0,13.727967654305388,11.465945491116749,16.0,1.9375
2026-08-18,MOS,21.14,25.994444,32.0,17.0,,35.70065490605358,23.0,1.717391
2026-08-18,MPC,366.21,334.705882,413.0,265.0,12.608149283021465,7.401531497143414,22.0,1.613636
2026-08-18,MPWR,1333.18,1844.5,2100.0,1575.0,81.69796058437102,48.698068722947774,17.0,1.294118
2026-08-18,MRK,135.17,138.48,155.0,105.0,108.04092398689151,49.154175086611644,31.0,1.419355
2026-08-18,MRNA,62.96,53.789474,135.0,25.0,,,26.0,1.961538
2026-08-18,MRSH,186.37,202.666667,234.0,178.0,22.80536452852353,17.83985293153381,27.0,1.777778
2026-08-18,MRVL,216.0,268.154687,400.0,195.0,73.81082558775287,53.24160002839552,42.0,1.22619
2026-08-18,MS,217.55,242.136364,273.0,195.0,17.577809379140945,16.86947646775883,28.0,1.625
2026-08-18,MSCI,562.77,696.944444,805.0,570.0,30.7815585225377,28.53511816795181,22.0,1.25
2026-08-18,MSFT,481.63,564.136154,700.0,400.0,26.838632741538223,24.442535807911497,61.0,1.122951
2026-08-18,MSI,469.5,526.0,550.0,476.0,36.97956868984421,26.516369212682406,17.0,1.264706
2026-08-18,MSTR,92.52,234.882353,450.0,125.0,,,21.0,1.166667
2026-08-18,MTB,251.5,257.416667,300.0,224.0,13.27919575065736,12.999376340059964,22.0,1.840909
2026-08-18,MTD,1399.67,1495.8,1600.0,1400.0,31.50203348555404,29.574243263369322,15.0,1.766667
2026-08-18,MU,940.76,1565.787234,2200.0,361.0,21.297606407664567,12.850260467195945,56.0,1.133929
2026-08-18,NBIS,248.43,290.941176,410.0,144.0,,,19.0,1.447368
2026-08-18,NCLH,17.61,20.0,26.0,15.0,11.128665318503538,11.335664407687396,27.0,1.666667
2026-08-18,NDAQ,96.71,111.5,135.0,90.0,28.182189066324746,23.401891122526116,20.0,1.225
2026-08-18,NDSN,304.21,326.333333,345.0,290.0,32.45702945789367,26.22176974922658,11.0,1.636364
2026-08-18,NEE,86.22,102.666667,116.0,91.0,19.345284839238033,21.391043003141668,21.0,1.404762
2026-08-18,NEM,115.98,135.254685,170.0,110.6,14.645233795916306,12.226199233285117,29.0,1.275862
2026-08-18,NFLX,77.77,94.198889,135.0,70.0,24.50066158402117,21.615957507424664,54.0,1.351852
2026-08-18,NI,42.12,50.615385,55.0,45.0,22.306959008579597,20.48696922722977,18.0,1.361111
2026-08-18,NKE,40.06,49.706452,75.0,23.0,19.09255552378229,23.146222185243737,41.0,1.780488
2026-08-18,NOC,589.14,650.959035,815.0,538.0,18.680381382400224,20.35823288437568,27.0,1.407407
2026-08-18,NOW,119.49,141.209302,248.0,72.0,74.65791940018744,29.343927828033628,51.0,1.186275
2026-08-18,NRG,115.56,195.133333,267.0,160.0,30.564959796868386,13.091038110486052,18.0,1.305556
2026-08-18,NSC,338.91,366.764706,414.0,297.0,28.932541105362905,26.160091329910777,24.0,1.854167
2026-08-18,NTAP,204.71,183.8125,210.0,150.0,32.19824467583126,22.735433235447285,24.0,1.708333
2026-08-18,NTRS,190.58,186.576923,208.0,173.0,16.359219550718045,16.614858206160243,17.0,2.088235
2026-08-18,NUE,264.19,287.066667,305.0,256.0,21.076859253586075,14.722548860567,20.0,1.325
2026-08-18,NVDA,219.74,314.2875,743.1,180.0,33.65187295169837,24.39878003879111,65.0,1.115385
2026-08-18,NVR,6248.37,6782.0,7446.0,5664.0,16.204220212893418,17.30372482798096,7.0,1.928571
2026-08-18,NWS,33.49,39.0,39.0,39.0,32.600019468509686,25.48256320040906,3.0,1.5
2026-08-18,NWSA,29.39,36.042857,43.0,30.3,28.60897498296505,22.362870482532763,11.0,1.136364
2026-08-18,NXPI,228.56,313.291667,400.0,190.0,19.506533186539333,15.152585930397018,29.0,1.413793
2026-08-18,O,62.21,68.1125,72.0,61.5,45.501755412521945,40.41085123272259,26.0,1.692308
2026-08-18,ODFL,208.0,235.761905,280.0,182.0,40.03002251688766,35.7511172224132,25.0,1.78
2026-08-18,OKE,97.07,96.263158,108.0,88.0,16.768877295420385,16.88991384873757,24.0,1.645833
2026-08-18,OMC,86.31,99.615385,139.0,77.0,73.98422767015258,8.267029952394896,16.0,1.46875
2026-08-18,ON,79.42,110.26087,150.0,85.0,51.13972955569865,24.827160200517927,30.0,1.6
2026-08-18,ORCL,142.79,249.447368,400.0,110.0,24.514146408460377,17.7197744070068,45.0,1.3
2026-08-18,ORLY,90.76,108.602208,120.0,97.0,28.863094291620293,27.63330038000355,32.0,1.234375
2026-08-18,OTIS,70.35,87.363636,100.0,75.0,18.05976279714535,17.27762578160688,17.0,1.529412
2026-08-18,OXY,59.8,66.782609,79.0,55.0,17.716943679080376,10.074263155252481,29.0,1.655172
2026-08-18,PANW,374.14,351.951064,475.0,201.0,307.7568479065559,99.13866429105546,57.0,1.324561
2026-08-18,PAYX,119.93,111.076923,150.0,95.0,24.52355635530836,20.101690114168818,21.0,2.142857
2026-08-18,PCAR,128.02,143.642857,164.0,119.0,26.949309531828902,21.603130479566886,22.0,1.772727
2026-08-18,PCG,17.82,22.933333,28.0,19.0,12.998759938726383,10.78195818996213,20.0,1.3
2026-08-18,PDD,87.27,117.37933092795,170.935492,80.40909270849,9.512546053061847,8.529463166093386,44.0,1.465909
2026-08-18,PEG,75.6,86.441176,96.0,73.0,18.798488163914858,17.310355439298355,25.0,1.68
2026-08-18,PEP,140.13,155.0,183.0,124.0,18.378428003724736,16.382485739708454,25.0,1.76
2026-08-18,PFE,27.25,28.28125,35.75,25.0,36.08315677966102,9.16200133075968,29.0,1.775862
2026-08-18,PFG,113.14,110.636364,125.0,92.0,16.05756539263969,11.79786587305146,14.0,2.035714
2026-08-18,PG,143.45,159.619048,177.0,143.0,21.669511624042656,20.554606116001914,27.0,1.611111
2026-08-18,PGR,207.23,231.52381,308.0,198.0,10.389343440420326,11.786488860536652,29.0,1.827586
2026-08-18,PH,1041.85,1182.818182,1358.0,850.0,36.56678962645261,29.66262954819275,28.0,1.392857
2026-08-18,PHM,126.05,140.615385,166.0,100.0,12.87590912805426,12.383771355005637,18.0,1.611111
2026-08-18,PKG,250.3,270.888889,312.0,242.0,32.53607175354218,23.840635968728478,14.0,1.571429
2026-08-18,PLD,140.02,159.833333,170.0,140.0,31.177911378312185,38.4318424914769,18.0,1.444444
2026-08-18,PLTR,171.54,199.083333,255.0,80.0,146.60285445688402,107.22985783323675,35.0,1.442857
2026-08-18,PM,187.62,208.615385,230.0,175.0,26.968908565596745,22.423220905297207,18.0,1.416667
2026-08-18,PNC,254.28,278.175,305.0,260.0,13.985721671598446,13.38723184076333,24.0,1.395833
2026-08-18,PNR,63.55,75.538462,94.0,60.0,15.992651684827742,13.667624870044651,19.0,1.736842
2026-08-18,PNW,100.15,106.727273,129.0,97.0,19.206060024930483,21.236068534719752,17.0,1.882353
2026-08-18,PODD,148.03,169.857143,275.0,144.0,29.34657626581024,22.764495199664136,28.0,1.5
2026-08-18,PPG,112.81,126.95,138.0,115.0,16.19832574702411,14.26924178351735,26.0,1.596154
2026-08-18,PPL,35.62,42.083333,48.0,37.0,21.157044428605367,18.246305660964996,17.0,1.264706
2026-08-18,PRU,124.54,109.928571,131.0,90.0,11.280797101449277,8.806748512243601,21.0,2.214286
2026-08-18,PSA,323.1,342.0,374.0,316.0,30.810455147949305,31.962276006866105,21.0,1.714286
2026-08-18,PSKY,10.43,9.5,16.0,2.0,,19.99716243524409,23.0,2.086957
2026-08-18,PSX,243.49,227.611111,260.0,173.0,13.859148836865144,9.51032173978152,22.0,1.545455
2026-08-18,PTC,146.48,174.052632,230.0,140.0,14.160866202629544,17.912843158799287,23.0,1.5
2026-08-18,PWR,696.15,812.72,976.0,690.0,79.7322215986531,41.61913034401381,30.0,1.283333
2026-08-18,PYPL,60.43,56.4375,70.0,36.0,11.419554782871613,11.242966401707488,47.0,1.93617
2026-08-18,Q,133.58,179.875,189.0,170.0,47.8335601231827,29.342119714442614,9.0,1.111111
2026-08-18,QCOM,160.19,201.0,400.0,100.0,18.539650942086016,15.16064376755484,41.0,1.804878
2026-08-18,RCL,300.0,350.32,415.0,297.0,18.52835455859283,16.890516684283476,31.0,1.419355
2026-08-18,RDDT,158.25,215.724138,303.0,130.0,36.79462438094352,29.344964756372818,33.0,1.409091
2026-08-18,REG,76.19,87.0,102.0,82.0,25.710332725922925,30.64252373096355,21.0,1.571429
2026-08-18,REGN,810.24,846.12,1030.0,737.0,20.024170169858465,14.939117619646018,30.0,1.433333
2026-08-18,RF,31.7,32.825,36.0,28.0,12.893516635483607,12.023210485453243,23.0,1.847826
2026-08-18,RJF,179.3,185.083333,205.0,161.0,15.62881350022663,14.73817302713772,17.0,1.705882
2026-08-18,RKLB,79.16,116.0,150.0,80.0,,,21.0,1.261905
2026-08-18,RL,378.25,459.0,520.0,425.0,23.847351730312145,19.99043630045491,22.0,1.25
2026-08-18,RMD,219.98,260.923255,330.5484,175.0,21.079361428927346,18.18705232014305,30.0,1.5
2026-08-18,ROK,433.67,484.197917,550.0,378.0,40.64690885914595,32.84158175756799,31.0,1.66129
2026-08-18,ROL,36.32,45.5625,66.0,32.0,32.97022512708787,31.759800766712374,22.0,1.727273
2026-08-18,ROP,394.17,448.769231,550.0,335.0,16.334793437405462,17.740830753545804,23.0,1.76087
2026-08-18,ROST,236.38,262.294118,290.0,230.0,32.94357030368068,29.96826948774265,23.0,1.478261
2026-08-18,RSG,216.97,247.565217,272.0,227.0,30.732729925353052,29.81399404049905,27.0,1.425926
2026-08-18,RTX,225.49,236.857143,265.0,200.0,39.70593414333509,31.117632073641243,26.0,1.365385
2026-08-18,RVTY,113.75,122.615385,145.0,110.0,54.02260638297872,21.239652554761427,20.0,1.7
2026-08-18,SBAC,181.4,227.05,280.0,167.0,19.53436281794491,23.628098420017455,23.0,1.5
2026-08-18,SBUX,106.01,113.444444,143.0,81.0,61.125526148878514,40.56578575785429,38.0,1.710526
2026-08-18,SCHW,111.68,123.95,145.0,91.0,20.308408495781205,17.178969544861907,25.0,1.3
2026-08-18,SHOP,146.58,173.3048340324,222.1614087,112.36427534850002,100.9748919848338,76.2355843561409,55.0,1.318182
2026-08-18,SHW,345.27,393.1,420.0,360.0,31.832094849999073,28.56589714887079,28.0,1.5
2026-08-18,SJM,118.5,126.333333,139.0,107.0,,11.781776445315755,22.0,1.568182
2026-08-18,SLB,53.21,62.321429,71.0,43.0,25.827589554412192,21.463555520058602,33.0,1.287879
2026-08-18,SMCI,37.41,41.333333,60.0,15.0,11.678216894549541,8.622976764062585,21.0,1.97619
2026-08-18,SNA,395.71,435.857143,485.0,375.0,20.18465148307786,19.9815408958836,13.0,1.807692
2026-08-18,SNDK,1625.78,2230.88,3600.0,1400.0,22.303742350057,7.718321935082788,32.0,1.28125
2026-08-18,SNPS,404.41,566.022273,650.0,450.0,93.55928282244072,27.352757504389082,27.0,1.333333
2026-08-18,SO,92.07,100.852941,112.0,79.0,22.215519737477074,20.064847355044716,24.0,1.875
2026-08-18,SOLV,87.45,95.833333,113.0,70.0,10.689010303985919,12.167268003800029,17.0,1.705882
2026-08-18,SPCX,143.34,226.263636,800.0,75.0,,,40.0,1.35
2026-08-18,SPG,220.61,236.333333,285.0,207.0,41.86148007590133,33.66215772889917,22.0,1.704545
2026-08-18,SPGI,418.04,519.363871,553.0,444.0,25.456560526620265,23.24871481111198,29.0,1.155172
2026-08-18,SRE,87.18,105.34375,118.0,99.0,25.264439099313186,17.051872468893244,22.0,1.318182
2026-08-18,STE,232.39,265.857143,280.0,232.0,28.40467401667196,20.742730605225553,12.0,1.375
2026-08-18,STLD,249.81,276.615385,310.0,255.0,22.6605587808418,14.890856122594169,16.0,1.46875
2026-08-18,STT,191.87,202.928571,215.0,187.0,16.91736615645059,14.06497804340153,18.0,1.444444
2026-08-18,STX,903.68,1157.727273,1600.0,860.0,65.13478448897217,25.098915440112986,29.0,1.275862
2026-08-18,STZ,131.0,170.727273,209.0,115.0,12.49737650493217,11.0999292739621,26.0,1.519231
2026-08-18,SW,47.3,56.433333,68.0,46.0,50.297745640153124,20.732210842639454,19.0,1.157895
2026-08-18,SWK,98.4,99.363636,110.0,90.0,23.993562702689527,17.58387230105877,18.0,1.777778
2026-08-18,SWKS,67.43,67.928571,85.0,52.0,34.92877492877493,13.372984904571467,25.0,2.02
2026-08-18,SYF,80.58,89.090909,104.0,78.0,8.263852567455311,8.61610842310674,25.0,1.44
2026-08-18,SYK,331.37,388.565217,465.0,340.0,34.33423476630091,22.05865857767085,30.0,1.283333
2026-08-18,SYY,81.96,90.666667,100.0,78.0,22.41303872238022,16.19096008679429,15.0,1.666667
2026-08-18,T,24.9,28.678571,36.0,20.0,8.234399285690664,10.646107565021422,27.0,1.481481
2026-08-18,TAP,41.13,44.631579,61.0,34.0,,8.714405847232843,23.0,1.934783
2026-08-18,TDG,1233.78,1524.055556,1972.0,1350.0,37.4127814418922,30.092009432234477,24.0,1.541667
2026-08-18,TDY,665.0,757.909091,877.0,640.0,32.12839763844199,26.903405849811836,14.0,1.428571
2026-08-18,TECH,72.22,71.090909,75.0,50.0,62.34999568332901,35.13696947287248,17.0,1.882353
2026-08-18,TEL,204.97,249.777778,306.0,209.0,20.09253722564771,17.907569090960877,23.0,1.478261
2026-08-18,TER,404.29,455.923077,550.0,390.0,55.468053287966306,43.91209890252881,19.0,1.342105
2026-08-18,TFC,52.41,54.694444,61.0,45.0,12.032232884889112,11.318285477350472,23.0,1.869565
2026-08-18,TGT,152.48,147.086263,197.0,92.0,20.121138543962207,17.89353604224977,42.0,1.809524
2026-08-18,TJX,150.85,180.157895,197.0,160.0,29.303211018085044,28.83849772169177,25.0,1.32
2026-08-18,TKO,192.11,231.315789,250.0,188.0,66.45565241455652,41.40168774752708,24.0,1.291667
2026-08-18,TMO,589.04,643.347826,750.0,575.0,31.685511721229464,23.456104761469007,29.0,1.241379
2026-08-18,TMUS,182.75,241.217391,285.0,169.0,19.124911046925362,16.75945581794765,30.0,1.25
2026-08-18,TPL,365.36,441.333333,639.0,245.0,46.57887020487258,42.089872291521445,4.0,1.75
2026-08-18,TPR,132.26,174.529412,232.0,144.0,18.16633472975757,16.611581510227122,23.0,1.391304
2026-08-18,TRGP,297.77,305.3,345.0,257.0,28.42781585931682,26.705307465737437,24.0,1.25
2026-08-18,TRI,100.89,126.7396788987,165.927091275,99.90196467300001,27.82657794817753,22.55134654435561,20.0,1.275
2026-08-18,TRMB,56.99,80.133176,94.0,61.0,,15.548174787784738,15.0,1.2
2026-08-18,TROW,110.32,107.833333,124.0,90.0,11.065306572784078,10.827508427584117,14.0,2.285714
2026-08-18,TRV,367.93,366.083333,430.0,297.0,9.851925239650834,10.797387967085413,34.0,1.985294
2026-08-18,TSCO,34.72,35.115777,42.0,28.0,18.128654970760234,17.959366932315636,33.0,1.575758
2026-08-18,TSLA,336.87,374.265897,600.0,24.86,312.98894360308464,199.9989313442087,49.0,1.72449
2026-08-18,TSN,57.99,68.75,78.0,56.0,35.03080826386372,14.903711844094685,15.0,1.8
2026-08-18,TT,463.37,535.516842,575.0,440.0,35.09979926523501,30.418114667699314,24.0,1.479167
2026-08-18,TTD,13.42,13.175,20.0,6.0,15.926892950391645,33.37303945827251,42.0,2.047619
2026-08-18,TTWO,242.4,290.243214,368.0,212.0,,35.11174922562949,32.0,1.140625
2026-08-18,TXN,272.24,331.037037,405.0,225.0,41.416031521458024,32.106545046105396,35.0,1.585714
2026-08-18,TXT,87.13,102.214286,115.0,92.0,16.44334566316902,13.475325600860637,19.0,1.605263
2026-08-18,TYL,332.21,423.142857,525.0,335.0,44.02464882056719,25.39655309887103,26.0,1.25
2026-08-18,UAL,118.72,164.886364,205.0,139.0,11.095949305568535,11.461513902636796,28.0,1.178571
2026-08-18,UBER,74.66,102.523913,150.0,70.0,16.410594570831957,22.30876938421701,54.0,1.212963
2026-08-18,UDR,37.09,42.071429,46.0,38.0,23.63474160453706,34.715169939601786,23.0,1.76087
2026-08-18,UHS,173.09,192.8125,290.0,166.0,7.04867162939193,7.648464567092663,22.0,1.704545
2026-08-18,ULTA,516.74,632.095238,735.0,450.0,19.367267466483767,17.94558633176574,30.0,1.416667
2026-08-18,UNH,393.93,481.52,529.0,380.0,25.3314899363385,19.980904194118242,30.0,1.316667
2026-08-18,UNP,298.74,332.695652,375.0,245.0,24.192020212653965,22.85541688069234,28.0,1.464286
2026-08-18,UPS,101.93,116.36,135.0,76.0,18.974664457640685,14.168765524236681,32.0,1.6875
2026-08-18,URI,1116.38,1285.2,1610.0,950.0,26.822195259661477,22.58690489601583,25.0,1.4
2026-08-18,USB,64.79,70.190476,77.0,62.0,12.927491120954548,12.411428015345805,25.0,1.48
2026-08-18,V,364.25,420.138889,450.0,370.0,31.259922933669746,27.554052654603197,43.0,1.162791
2026-08-18,VEEV,242.75,246.708333,340.0,165.0,43.2239454425669,26.788728362515112,30.0,1.433333
2026-08-18,VICI,25.91,32.521739,38.0,27.0,10.048088109827038,9.225897032437341,24.0,1.416667
2026-08-18,VLO,350.05,322.222222,365.0,245.0,14.520558173491738,8.387851974983905,23.0,1.673913
2026-08-18,VLTO,96.07,113.6875,136.0,100.0,24.21485103594293,21.918572059900875,22.0,1.477273
2026-08-18,VMC,271.65,331.619048,365.0,283.0,32.064447592067985,29.722034153478386,26.0,1.480769
2026-08-18,VMRK,64.03,72.793333,79.0,66.0,28.101821373710774,47.89929104860024,20.0,1.675
2026-08-18,VRSK,178.86,240.235294,275.0,195.0,27.483097725875847,23.190421679037875,23.0,1.521739
2026-08-18,VRSN,276.74,330.0,355.0,316.0,30.036685696919704,28.268099336515817,8.0,1.75
2026-08-18,VRT,272.54,340.671429,427.0,245.0,61.669004842286284,40.53290945354934,34.0,1.191176
2026-08-18,VRTX,528.19,567.833333,672.0,350.0,30.729266660848825,28.188939490351196,32.0,1.28125
2026-08-18,VST,140.52,223.0,313.0,181.0,23.719658350494583,15.500132421783182,19.0,1.184211
2026-08-18,VTR,91.2,101.947368,113.0,90.0,167.2780630961115,150.9933774834437,23.0,1.282609
2026-08-18,VTRS,16.17,18.714286,23.0,12.0,,6.468729672707082,12.0,1.708333
2026-08-18,VZ,48.54,50.625,56.0,44.0,12.640625,9.722135985723241,27.0,1.648148
2026-08-18,WAB,294.72,329.166667,355.0,292.0,39.6918601519151,27.13178080481744,15.0,1.366667
2026-08-18,WAT,401.25,439.954545,475.0,400.0,51.077561515842,27.52993782110542,26.0,1.461538
2026-08-18,WBD,28.48,29.975,31.0,26.0,,,20.0,1.9
2026-08-18,WDAY,190.635,182.371429,275.0,92.0,59.47307668309727,17.696496931855282,43.0,1.604651
2026-08-18,WDC,496.16,681.0,1050.0,525.0,20.52359659318886,24.5442147337809,29.0,1.344828
2026-08-18,WEC,111.05,122.46875,140.0,110.0,21.50714645388697,19.831118516157318,21.0,1.714286
2026-08-18,WELL,235.44,258.818182,292.0,215.0,,83.34174042785916,24.0,1.3125
2026-08-18,WFC,87.4,100.1875,115.0,90.0,12.697951474647683,11.990225085608698,29.0,1.448276
2026-08-18,WM,223.58,261.217391,277.0,230.0,31.64838275886475,27.57165015795924,28.0,1.446429
2026-08-18,WMB,75.13,85.947368,103.0,72.0,29.990818729791222,30.80218095676584,23.0,1.26087
2026-08-18,WMT,115.2,139.792095,155.0,120.0,40.58195652939726,39.7796236474669,45.0,1.277778
2026-08-18,WRB,70.17,69.764706,83.0,51.0,14.430848329048844,14.46620388008451,22.0,2.204545
2026-08-18,WSM,241.39,235.944444,280.0,190.0,27.018949866242817,25.604330726618212,24.0,1.645833
2026-08-18,WST,346.59,409.357143,459.0,365.0,44.30737369605236,38.65247732614387,19.0,1.210526
2026-08-18,WTW,327.9,377.4,406.0,303.0,20.22912772297385,16.544990263734913,26.0,1.423077
2026-08-18,WY,23.61,31.272727,38.0,28.0,36.10643829331702,72.65710830248253,13.0,1.346154
2026-08-18,WYNN,101.29,134.526316,155.0,116.0,24.260496754568756,21.840350894594057,24.0,1.104167
2026-08-18,XEL,79.17,93.375,102.0,87.0,21.671411365378297,19.24314664945146,20.0,1.2
2026-08-18,XOM,165.56,169.318182,200.0,142.0,21.30539970144644,14.46578517644964,29.0,1.655172
2026-08-18,XYL,113.94,154.9375,180.0,130.0,27.064775885412953,20.112821738511077,26.0,1.423077
2026-08-18,XYZ,79.43,98.75,125.0,75.0,141.41000534092933,19.583318848630046,49.0,1.244898
2026-08-18,YUM,144.86,175.157895,200.0,147.0,18.21840453762278,21.94128079462395,29.0,1.603448
2026-08-18,ZBH,99.15,106.45,120.0,93.0,24.128784191570134,11.622710976528104,29.0,1.706897
2026-08-18,ZBRA,366.42,417.357143,455.0,355.0,33.53007384632278,17.345446964551517,20.0,1.375
2026-08-18,ZTS,73.96,92.153846,115.0,80.0,12.166875041126536,11.746685801884425,20.0,1.575
